AIGLUN - 06910,mairie.aiglun06@wanadoo.fr
AMIRAT - 06910,mairie.amirat@wanadoo.fr
ANDON - 06750,mairie@andon.fr
ANTIBES-JUAN-LES-PINS - 06600,mairie@ville-antibes.fr
ASCROS - 06260,maire.ascros@hotmail.fr
ASPREMONT - 06790,mairiedaspremont@wanadoo.fr
AURIBEAU-SUR-SIAGNE - 06810,mairie.auribeau@libertysurf.fr
AUVARE - 06260,mairie.auvare@smtm06.fr
BAIROLS - 06420,mairie.bairols@wanadoo.fr
BEAULIEU-SUR-MER - 06310,sandra.bodino@beaulieusurmer.fr
BEAUSOLEIL - 06240,mairiebeausoleil@wanadoo.fr
BELVEDERE - 06450,maire.mairie-de-belvedere@wanadoo.fr
BENDEJUN - 06390,mairie.bendejun@wanadoo.fr
BERRE-LES-ALPES - 06390,mairie.berrelesalpes@wanadoo.fr
BEUIL - 06470,maire@beuil.fr
BEZAUDUN-LES-ALPES - 06510,mairie.bezaudun@wanadoo.fr
BIOT - 06410,accueil@biot.fr
BLAUSASC - 06440,blausasc.maire@orange.fr
BONSON - 06830,contact@mairie-bonson.fr
BOUYON - 06510,mairie.bouyon@wanadoo.fr
BREIL-SUR-ROYA - 06540,directiongle@ville-breil-sur-roya.fr
BRIANCONNET - 06850,mairie-de-brianconnet@wanadoo.fr
CABRIS - 06530,mairie.cabris@wanadoo.fr
CAGNES-SUR-MER - 06800,webmaster@cagnes.fr
CAILLE - 06750,caille@lesmontsdazur.com
CANNES - 06150,mairie@ville-cannes.fr
CANTARON - 06340,mairie.cantaron@free.fr
CAP-D'AIL - 06320,accueil@cap-dail.fr
CARROS - 06510,communication@ville-carros.fr
CASTAGNIERS - 06670,mairiedecastagniers@wanadoo.fr
CASTELLAR - 06500,mairie.de.castellar@orange.fr
CASTILLON - 06500,mairie@castillon06.com
CAUSSOLS - 06460,mairie-caussols@wanadoo.fr
CHATEAUNEUF-D'ENTRAUNES - 06470,maire.chateauneufentraunes@smtm06.fr
CHATEAUNEUF-GRASSE - 06740,secretaire@mairie-chateauneuf.fr
CHATEAUNEUF-VILLEVIEILLE - 06390,chateauneuf.villevieille@wanadoo.fr
CIPIERES - 06620,mairie.cipieres@wanadoo.fr
CLANS - 06420,mairiedeclans@wanadoo.fr
COARAZE - 06390,secretaire.coaraze@wanadoo.fr
COLLONGUES - 06910,mairie-de-collongues@alsatis.net
COLOMARS - 06670,mairie@colomars.fr
CONSEGUDES - 06510,mairie-de-consegudes@alsatis.net
CONTES - 06390,mairie@ville-contes.fr
COURMES - 06620,mairie-de-courmes@wanadoo.fr
COURSEGOULES - 06140,mairie@coursegoules.fr
CUEBRIS - 06910,mairie.cuebris@orange.fr
DALUIS - 06470,contact@daluis.fr
DRAP - 06340,mairie.drap@wanadoo.fr
DURANUS - 06670,mairie.duranus@wanadoo.fr
ENTRAUNES - 06470,mairie.entraunes@smtm06.fr
ESCRAGNOLLES - 06460,mairie-escragnolles@orange.fr
EZE - 06360,contact@ville-eze.fr
FALICON - 06950,secretaire.falicon@wanadoo.fr
FONTAN - 06540,mairiedefontan@wanadoo.fr
GARS - 06850,mairie-de-gars@alsatis.net
GATTIERES - 06510,accueil@mairie-gattieres.fr
GILETTE - 06830,mairie.gilette@wanadoo.fr
GORBIO - 06500,mairie.gorbio@wanadoo.fr
GOURDON - 06620,mairie.gourdon06@wanadoo.fr
GRASSE - 06520,info@ville-grasse.fr
GREOLIERES - 06620,mairie.greolieres@orange.fr
GUILLAUMES - 06470,mairie.guillaumes@wanadoo.fr
ILONSE - 06420,mairie.ilonse@wanadoo.fr
ISOLA - 06420,mairie1.isola@orange.fr
LA-BOLLENE-VESUBIE - 06450,labollenevesubie@wanadoo.fr
LA-BRIGUE - 06430,mairielabrigue@fr.oleane.com
LA-COLLE-SUR-LOUP - 06480,c.huault@mairie-lacollesurloup.fr
LA-CROIX-SUR-ROUDOULE - 06260,lacroixsurroudoule@wanadoo.fr
LA-GAUDE - 06610,cabinet@mairie-lagaude.fr
LANTOSQUE - 06450,mairiedelantosque@wanadoo.fr
LA-PENNE - 06260,mairielapenne@wanadoo.fr
LA-ROQUETTE-SUR-SIAGNE - 06550,mairie@laroquettesursiagne.com
LA-ROQUETTE-SUR-VAR - 06670,mairie@laroquettesurvar.fr
LA-TRINITE - 06340,communication.lt@ville-de-la-trinite.fr
LA-TURBIE - 06320,accueil@ville-la-turbie.fr
LE-BAR-SUR-LOUP - 06620,accueil@lebarsurloup.fr
LE-BROC - 06510,secretariat@mairie-lebroc.fr
LE-CANNET - 06110,cmaire@mairie-le-cannet.fr
LE-MAS - 06910,mairie@commune-lemas.fr
LE-ROURET - 06650,contact@mairie-lerouret.fr
L'ESCARENE - 06440,a.podavini@escarene.fr
LES-FERRES - 06510,maire.lesferres@smtm06.fr
LES-MUJOULS - 06910,mairielesmujouls@wanadoo.fr
LE-TIGNET - 06530,mairie.letignet@wanadoo.fr
LEVENS - 06670,accueil@mairie-levens.fr
LIEUCHE - 06260,mairie.lieuche@wanadoo.fr
LUCERAM - 06440,commune-de-luceram@wanadoo.fr
MALAUSSENE - 06710,""
MANDELIEU-LA-NAPOULE - 06212,courrier@mairie-mandelieu.fr
MARIE - 06420,communedemarie@wanadoo.fr
MASSOINS - 06710,""
MENTON - 06500,mairie@ville-menton.fr
MOUANS-SARTOUX - 06370,mairie@mouans-sartoux.net
MOUGINS - 06250,dgs@villedemougins.com
MOULINET - 06380,secretaire.moulinet@wanadoo.fr
NICE - 06000,etat.civil@ville-nice.fr
OPIO - 06650,mairie.opio@wanadoo.fr
PEGOMAS - 06580,mairiedepegomas@wanadoo.fr
PEILLE - 06440,mairie@peille.fr
PEILLON - 06440,mairie.peillon@wanadoo.fr
PEONE - 06470,mairiepeone@valberg.com
PEYMEINADE - 06530,mairie@peymeinade.fr
PIERLAS - 06260,ville-pierlas@orange.fr
PIERREFEU - 06910,mairiedepierrefeu@wanadoo.fr
PUGET-ROSTANG - 06260,maire.pugetrostang@smtm06.fr
PUGET-THENIERS - 06260,mairie@puget-theniers.fr
REVEST-LES-ROCHES - 06830,mairie.revestlesroches@wanadoo.fr
RIGAUD - 06260,commune.rigaud@wanadoo.fr
RIMPLAS - 06420,mairie@ville-rimplas.fr
ROQUEBILLIERE - 06450,val.roq@wanadoo.fr
ROQUEBRUNE-CAP-MARTIN - 06190,mairie.rcm@roquebrune-cap-martin.fr
ROQUEFORT-LES-PINS - 06330,mairie@ville-roquefort-les-pins.fr
ROQUESTERON - 06910,mairie.de.roquesteron@wanadoo.fr
ROQUESTERON-GRASSE - 06910,mairie.roquesteron.grasse@orange.fr
ROUBION - 06420,secretariat@roubion.com
ROURE - 06420,mairie.roure@wanadoo.fr
SAINT-ANDRE-DE-LA-ROCHE - 06730,standredelaroche@wanadoo.fr
SAINT-ANTONIN - 06260,mairie.saintantonin@orange.fr
SAINT-AUBAN - 06850,mairie.stauban@wanadoo.fr
SAINT-BLAISE - 06670,mairie-saint-blaise06@wanadoo.fr
SAINT-CEZAIRE-SUR-SIAGNE - 06530,mairiestcezaire@wanadoo.fr
SAINT-DALMAS-LE-SELVAGE - 06660,stdalmas.selv@free.fr
SAINTE-AGNES - 06500,mairiesteagnes@wanadoo.fr
SAINT-ETIENNE-DE-TINEE - 06660,mairie.set@wanadoo.fr
SAINT-JEAN-CAP-FERRAT - 06230,mairie@saintjeancapferrat.fr
SAINT-JEANNET - 06640,accueil@saintjeannet.com
SAINT-LAURENT-DU-VAR - 06700,""
SAINT-LEGER - 06260,""
SAINT-MARTIN-D'ENTRAUNES - 06470,mairiestmartinentraunes@yahoo.fr
SAINT-MARTIN-DU-VAR - 06670,accueil@saintmartinduvar.fr
SAINT-MARTIN-VESUBIE - 06450,com.smv@free.fr
SAINT-PAUL - 06570,mairie-de-saint-paul-06@wanadoo.fr
SAINT-SAUVEUR-SUR-TINEE - 06420,mairie.st-sauveur-sur-tinee@wanadoo.fr
SAINT-VALLIER-DE-THIEY - 06460,mairie@mairie-saintvallierdethiey.fr
SALLAGRIFFON - 06910,mairie.sallagriffon@orange.fr
SAORGE - 06540,mairie.saorge@wanadoo.fr
SAUZE - 06470,clambert@sauze.com
SERANON - 06750,mairiedeseranon@wanadoo.fr
SIGALE - 06910,mairie-sigale@wanadoo.fr
SOSPEL - 06380,accueilmairie-sospel@wanadoo.fr
SPERACEDES - 06530,mairie@speracedes.fr
TENDE - 06430,maire.tende@fr.oleane.com
THEOULE-SUR-MER - 06590,mairie@ville-theoulesurmer.fr
THIERY - 06710,thiery.mairie@free.fr
TOUDON - 06830,mairie-de-toudon@wanadoo.fr
TOUET-DE-L'ESCARENE - 06440,mairietouetdelescarene@wanadoo.fr
TOUET-SUR-VAR - 06710,mairie.touet-sur-var@wanadoo.fr
TOURETTE-DU-CHATEAU - 06830,tourette.du.chateau@free.fr
TOURNEFORT - 06420,""
TOURRETTE-LEVENS - 06690,mairie.tourrette.levens@wanadoo.fr
TOURRETTES-SUR-LOUP - 06140,mairie@tsl06.com
UTELLE - 06450,mairie.utelle@wanadoo.fr
VALBONNE - 06560,mairie@ville-valbonne.fr
VALDEBLORE - 06420,mairie.valdeblore@wanadoo.fr
VALDEROURE - 06750,mairie-valderoure@orange.fr
VALLAURIS - 06220,mriva.sec_general@ville-vallauris.fr
VENANSON - 06450,mairie-de-venanson@alsatis.net
VENCE - 06140,nwartelle@ville-vence.fr
VILLARS-SUR-VAR - 06710,mairie.villars-sur-var@wanadoo.fr
VILLEFRANCHE-SUR-MER - 06230,mairie.villefranche-sur-mer@wanadoo.fr
VILLENEUVE-D'ENTRAUNES - 06470,mairie-de-villeneuvedentraunes@wanadoo.fr
VILLENEUVE-LOUBET - 06270,info@ot-villeneuveloubet.org
ANDELNANS - 90400,mairie.andelnans@libertysurf.fr
ANGEOT - 90150,mairie.angeot@wanadoo.fr
ANJOUTEY - 90170,mairie.danjoutey@wanadoo.fr
ARGIESANS - 90800,mairie-argiesans@wanadoo.fr
AUTRECHENE - 90140,mairie.autrechene@wanadoo.fr
AUXELLES-BAS - 90200,commune.auxelles.bas@wanadoo.fr
AUXELLES-HAUT - 90200,mairie.auxelleshaut@wanadoo.fr
BANVILLARS - 90800,mairie.banvillars@wanadoo.fr
BAVILLIERS - 90800,mairie@bavilliers.fr
BEAUCOURT - 90500,contact@ville-beaucourt.fr
BELFORT - 90000,courrier@mairie-belfort.fr
BERMONT - 90400,mairie.bermont@wanadoo.fr
BESSONCOURT - 90160,bessoncourt.mairie@wanadoo.fr
BETHONVILLIERS - 90150,mairie.bethonvilliers@wanadoo.fr
BORON - 90100,mairie.boron@wanadoo.fr
BOTANS - 90400,mairie.debotans@wanadoo.fr
BOURG-SOUS-CHATELET - 90110,mairiedebourg@wanadoo.fr
BOUROGNE - 90140,mairie.bourogne@wanadoo.fr
BREBOTTE - 90140,mairie.brebotte90@wanadoo.fr
BRETAGNE - 90130,mairie-bretagne@wanadoo.fr
BUC - 90800,mairie-buc90@wanadoo.fr
CHARMOIS - 90140,mairie.charmois@wanadoo.fr
CHATENOIS-LES-FORGES - 90700,chatenois.mairie@wanadoo.fr
CHAUX - 90330,mairie.chaux90@wanadoo.fr
CHAVANATTE - 90100,mairie.chavanatte@laposte.net
CHAVANNES-LES-GRANDS - 90100,mairie-chavanneslesgrands@wanadoo.fr 
CHEVREMONT - 90340,commune-chevremont@wanadoo.fr
COURCELLES - 90100,courcellesmairie@orange.fr
COURTELEVANT - 90100,mairie-courtelevant@wanadoo.fr
CRAVANCHE - 90300,contact@cravanche.fr
CROIX - 90100,mairie.croix90@wanadoo.fr
CUNELIERES - 90150,mairie-cunelieres@orange.fr
DANJOUTIN - 90400,secretariat@mairiedanjoutin.fr
DELLE - 90100,mairie@delle.fr
DENNEY - 90160,mairie@denney.fr
DORANS - 90400,mairie.dorans@wanadoo.fr
EGUENIGUE - 90150,mairie.eguenigue@wanadoo.fr
ELOIE - 90300,eloie.mairie@wanadoo.fr
ESSERT - 90850,mairie@essert-france.eu
ETUEFFONT - 90170,etueffont.mairie@wanadoo.fr
EVETTE-SALBERT - 90350,mairie@evettesalbert.fr
FAVEROIS - 90100,mairie.faverois@wanadoo.fr
FECHE-L'EGLISE - 90100,mairie.feche@wanadoo.fr
FELON - 90110,mairiefelon@orange.fr
FLORIMONT - 90100,mairie.de.florimont@wanadoo.fr
FONTAINE - 90150,fontaine.mairie@wanadoo.fr
FONTENELLE - 90340,mairie.fontenelle90@wanadoo.fr
FOUSSEMAGNE - 90150,secretariat@foussemagne.com
FRAIS - 90150,mairie.frais90@orange.fr
FROIDEFONTAINE - 90140,mairie.froidefontaine@wanadoo.fr
GIROMAGNY - 90200,mairie@giromagny.fr
GRANDVILLARS - 90600,mairie.grandvillars@wanadoo.fr
GROSMAGNY - 90200,mairie.grosmagny@wanadoo.fr
GROSNE - 90100,mairie.grosne@wanadoo.fr
JONCHEREY - 90100,mairie.joncherey@orange.fr
LACHAPELLE-SOUS-CHAUX - 90300,mairie.lsc@wanadoo.fr
LACHAPELLE-SOUS-ROUGEMONT - 90360,mairielachapelle-rougemont@wanadoo.fr
LACOLLONGE - 90150,mairie.lacollonge@wanadoo.fr
LAGRANGE - 90150,mairie.lagrange@wanadoo.fr
LAMADELEINE-VAL-DES-ANGES - 90170,lamadeleine-valdesanges@wanadoo.fr
LARIVIERE - 90150,mairie.lariviere@wanadoo.fr
LEBETAIN - 90100,lebetain.mairie@wanadoo.fr
LEPUIX-GY - 90200,mairielepuix-gy@wanadoo.fr
LEPUIX-NEUF - 90100,lepuixneuf.mairie@free.fr
LEVAL - 90110,mairie.de.leval@wanadoo.fr
MENONCOURT - 90150,mairie.menoncourt@wanadoo.fr
MEROUX - 90400,mairie.meroux@wanadoo.fr
MEZIRE - 90120,MAIRIE.MEZIRE@wanadoo.fr
MONTBOUTON - 90500,mairiemontbouton@wanadoo.fr
MONTREUX-CHATEAU - 90130,mairie-montreux-chateau@wanadoo.fr
MORVILLARS - 90120,communedemorvillars@orange.fr
MOVAL - 90400,mairie-moval@wanadoo.fr
NOVILLARD - 90340,mairie.novillard@wanadoo.fr
OFFEMONT - 90300,contact@mairie-offemont.fr
PEROUSE - 90160,mairie.perouse@wanadoo.fr
PETIT-CROIX - 90130,mairie.petit.croix@wanadoo.fr
PETITEFONTAINE - 90360,mairie.petitefontaine@orange.fr
PETITMAGNY - 90170,mairie.petitmagny@wanadoo.fr
PHAFFANS - 90150,mairie-phaffans@wanadoo.fr
RECHESY - 90370,mairie.rechesy@wanadoo.fr
RECOUVRANCE - 90140,recouvrance.mairie@wanadoo.fr
REPPE - 90150,commune.reppe@orange.fr
RIERVESCEMONT - 90200,mairie.riervescemont@wanadoo.fr
ROMAGNY-SOUS-ROUGEMONT - 90110,mairie-romagny-sous-rougemont@orange.fr
ROPPE - 90380,mairie.roppe@wanadoo.fr
ROUGEGOUTTE - 90200,mairie-rougegoutte@wanadoo.fr
ROUGEMONT-LE-CHATEAU - 90110,mairie.rougemont-le-chateau@wanadoo.fr
SAINT-DIZIER-L'EVEQUE - 90100,mairiestdizier90@wanadoo.fr
SAINT-GERMAIN-LE-CHATELET - 90110,mairiesaintgermain@wanadoo.fr
SERMAMAGNY - 90300,mairiedesermamagny@wanadoo.fr
SEVENANS - 90400,mairiesevenans@wanadoo.fr
SUARCE - 90100,mairie.suarce@gmail.com
THIANCOURT - 90100,mairie.thiancourt@wanadoo.fr
TREVENANS - 90400,mairie.trevenans@wanadoo.fr
URCEREY - 90800,mairie.urcerey@wanadoo.fr
VALDOIE - 90300,contact@mairievaldoie.com
VAUTHIERMONT - 90150,mairie.vauthiermont@laposte.net
VELLESCOT - 90100,mairie.vellescot@wanadoo.fr
VESCEMONT - 90200,commune.vescemont@wanadoo.fr
VETRIGNE - 90300,mairie.vetrigne@wanadoo.fr
VEZELOIS - 90400,mairie.vezelois@laposte.net
VILLARS-LE-SEC - 90100,mairie.villars90@gmail.com
AIGUINES - 83630,mairie.d.aiguines@wanadoo.fr
AMPUS - 83111,ampus@mairie-ampus.fr
ARTIGNOSC-SUR-VERDON - 83630,mairie-artignosc@wanadoo.fr
ARTIGUES - 83560,mairieartigues@wanadoo.fr
AUPS - 83630,aups.mairie@wanadoo.fr
BAGNOLS-EN-FORET - 83600,mairie@bagnolsenforet.fr
BANDOL - 83150,secretariat.general@bandol.org
BARGEME - 83840,bargeme.commune@orange.fr
BARGEMON - 83830,mairie.bargemon@wanadoo.fr
BARJOLS - 83670,commune.barjols@wanadoo.fr
BAUDINARD-SUR-VERDON - 83630,baudinard@wanadoo.fr
BAUDUEN - 83630,amenagement.terr@wanadoo.fr
BELGENTIER - 83210,mairie.belgentier@wanadoo.fr
BESSE-SUR-ISSOLE - 83890,mairie.besse@wanadoo.fr
BORMES-LES-MIMOSAS - 83230,contact@ville-bormes.fr
BRAS - 83149,mairie.bras@wanadoo.fr
BRENON - 83840,mairiebrenon@wanadoo.fr
BRIGNOLES - 83170,contact@brignoles.fr
BRUE-AURIAC - 83119,mairie.brue-auriac@wanadoo.fr
CABASSE - 83340,accueil@mairie-cabasse.fr
CALLAS - 83830,callas.mairie@wanadoo.fr
CALLIAN - 83440,contact@callian.fr
CAMPS-LA-SOURCE - 83170,Mairie.Camps.La.Source@wanadoo.fr
CARCES - 83570,accueil@mairie-carces.fr
CARNOULES - 83660,mairie.de.carnoules@wanadoo.fr
CARQUEIRANNE - 83320,monsieurlemaire@carqueiranne.fr
CAVALAIRE-SUR-MER - 83240,cabinet.du.maire@cavalaire.fr
CHATEAUDOUBLE - 83300,chateaudouble@wanadoo.fr
CHATEAUVERT - 83670,mairie@chateauvert.fr
CHATEAUVIEUX - 83840,chateauvieux3@wanadoo.fr
CLAVIERS - 83830,mairie.claviers@wanadoo.fr
COGOLIN - 83310,mairie@cogolin.fr
COLLOBRIERES - 83610,mairie-de-collobrieres1@wanadoo.fr
COMPS-SUR-ARTUBY - 83840,mairie.compsurartuby@wanadoo.fr
CORRENS - 83570,mairie@correns.fr
COTIGNAC - 83570,mairie.cotignac@wanadoo.fr
CUERS - 83390,tbiancherin@ville-de-cuers.com
DRAGUIGNAN - 83300,mairie@ville-draguignan.fr
ENTRECASTEAUX - 83570,dentrecasteaux.mairie@wanadoo.fr
ESPARRON - 83560,esparron.de.pallieres@wanadoo.fr
EVENOS - 83330,mairie.evenos@wanadoo.fr
FAYENCE - 83440,mairie-fayence@wanadoo.fr
FIGANIERES - 83830,figanieres@wanadoo.fr
FLASSANS-SUR-ISSOLE - 83340,mairie.flassans.sur.issole@wanadoo.fr
FLAYOSC - 83780,accueil@ville-flayosc.fr
FORCALQUEIRET - 83136,accueil@mairie-forcalqueiret.net
FOX-AMPHOUX - 83670,mairie.fox@wanadoo.fr
FREJUS - 83600,info@ville-frejus.fr
GAREOULT - 83136,mairie@ville-gareoult.fr
GASSIN - 83580,secretariat@mairie-gassin.fr
GINASSERVIS - 83560,mairie@ginasservis.fr
GONFARON - 83590,mairie-gonfaron@wanadoo.fr
GRIMAUD - 83310,""
HYERES - 83400,contact@jacquespoliti.fr
LA-BASTIDE - 83840,mairie.labastide0779@orange.fr
LA-CADIERE-D'AZUR - 83740,secretariat@lacadieredazur.com
LA-CELLE - 83170,mairie.la.celle@wanadoo.fr
LA-CRAU - 83260,mairie@villedelacrau.fr
LA-CROIX-VALMER - 83420,contact@lacroixvalmer.fr
LA-FARLEDE - 83210,mairie@lafarlede.fr
LA-GARDE - 83130,contact-mairie@ville-lagarde.fr
LA-GARDE-FREINET - 83680,maire@lagardefreinet.fr
LA-LONDE-LES-MAURES - 83250,contact@lalondelesmaures.fr
LA-MARTRE - 83840,mairie-lamartre@orange.fr
LA-MOLE - 83310,la.mole.mairie@wanadoo.fr
LA-MOTTE - 83920,secretaire-general@ville-la-motte.com
LA-ROQUEBRUSSANNE - 83136,mairie@laroquebrussanne.fr
LA-ROQUE-ESCLAPON - 83840,mairie.laroque-esclapon@orange.fr
LA-SEYNE-SUR-MER - 83500,courrier@la-seyne.com
LA-VALETTE-DU-VAR - 83160,philippe.huc-andre@lavalette83.fr
LA-VERDIERE - 83560,mairiedelaverdiere@wanadoo.fr
LE-BEAUSSET - 83330,cabinetdumaire@ville-lebeausset.fr
LE-BOURGUET - 83840,commune.lebourguet@nordnet.fr
LE-CANNET-DES-MAURES - 83340,accueil@lecannetdesmaures.com
LE-CASTELLET - 83330,dgs@ville-lecastellet.fr
LE-LAVANDOU - 83980,mairie@le-lavandou.fr
LE-LUC - 83340,""
LE-MUY - 83490,info@ville-lemuy.fr
LE-PRADET - 83220,accueil@le-pradet.fr
LE-REVEST-LES-EAUX - 83200,contactmairie@lerevest83.fr
LES-ADRETS-DE-L'ESTEREL - 83600,accueil@mairie-adrets-esterel.fr
LES-ARCS - 83460,lesarcs.mairie@wanadoo.fr
LES-MAYONS - 83340,mairielesmayons@wanadoo.fr
LES-SALLES-SUR-VERDON - 83630,mairielessalles@hotmail.fr
LE-THORONET - 83340,mairie-le-thoronet@wanadoo.fr
LE-VAL - 83143,contact@mairie-leval.fr
LORGUES - 83510,""
MAZAUGUES - 83136,mairie.mazaugues@wanadoo.fr
MEOUNES-LES-MONTRIEUX - 83136,mairie@meounes.com
MOISSAC-BELLEVUE - 83630,mairiemoissac83@wanadoo.fr
MONS - 83440,mairie-mons83@wanadoo.fr
MONTAUROUX - 83440,mairie@montauroux.com
MONTFERRAT - 83131,mairie-montferrat@wanadoo.fr
MONTFORT-SUR-ARGENS - 83570,montfort.sur.argens.mairie@wanadoo.fr
MONTMEYAN - 83670,mairie.montmeyan@wanadoo.fr
NANS-LES-PINS - 83860,elus@mairie-nanslespins.fr
NEOULES - 83136,mairie.neoules@wanadoo.fr
OLLIERES - 83470,mairie@ollieres.fr
OLLIOULES - 83190,mairie.d-ollioules@wanadoo.fr
PIERREFEU-DU-VAR - 83390,maire@pierrefeu-du-var.fr
PIGNANS - 83790,ville-de-pignans@wanadoo.fr
PLAN-D'AUPS-SAINTE-BAUME - 83640,mairie.plan-d-aups83@wanadoo.fr
PLAN-DE-LA-TOUR - 83120,mairie@plandelatour.net
PONTEVES - 83670,courrier@mairie-ponteves.fr
POURCIEUX - 83470,mairie.pourcieux@wanadoo.fr
POURRIERES - 83910,pourrieres@pourrieres.fr
PUGET-SUR-ARGENS - 83480,contact@pugetsurargens.fr
PUGET-VILLE - 83390,mairie@puget-ville.org
RAMATUELLE - 83350,mairie.ramatuelle@wanadoo.fr
RAYOL-CANADEL-SUR-MER - 83820,mairie-du-rayol@wanadoo.fr
REGUSSE - 83630,mairie.regusse@wanadoo.fr
RIANS - 83560,secretariatmairieriansvar@orange.fr
RIBOUX - 13780,mairieriboux@wanadoo.fr
ROCBARON - 83136,rocbaron.maire@wanadoo.fr
ROQUEBRUNE-SUR-ARGENS - 83520,mairie@ville-roquebrune-argens.fr
ROUGIERS - 83170,mairie.de-rougiers@wanadoo.fr
SAINT-ANTONIN-DU-VAR - 83510,saint.antonin.mairie@orange.fr
SAINT-CYR-SUR-MER - 83270,mairie@saintcyrsurmer.fr
SAINTE-ANASTASIE-SUR-ISSOLE - 83136,s.anastasie@wanadoo.fr
SAINTE-MAXIME - 83120,mairie@ste-maxime.fr
SAINT-JULIEN-LE-MONTAGNIER - 83560,mairie.stjulien@orange.fr
SAINT-MANDRIER-SUR-MER - 83430,info@ville-saintmandrier.fr
SAINT-MARTIN-DE-PALLIERES - 83560,mairie-stmartindepallieres@wanadoo.fr
SAINT-MAXIMIN-LA-SAINTE-BAUME - 83470,mairie@st-maximin.fr
SAINT-PAUL-EN-FORET - 83440,mairie.saintpaulenforet@orange.fr
SAINT-RAPHAEL - 83700,webmaster@ville-saintraphael.fr
SAINT-TROPEZ - 83990,communication@ville-sainttropez.fr
SAINT-ZACHARIE - 83640,cabinetdumaire@commune-saint-zacharie.fr
SALERNES - 83690,mairie@ville-salernes.fr
SANARY-SUR-MER - 83110,mairie-sanary-sur-mer@wanadoo.fr
SEILLANS - 83440,mairie.de.seillans@wanadoo.fr
SEILLONS-SOURCE-D'ARGENS - 83470,mairie.seillons@wanadoo.fr
SIGNES - 83870,mairie@signes.com
SILLANS-LA-CASCADE - 83690,mairie.sillans-la-cascade@wanadoo.fr
SIX-FOURS-LES-PLAGES - 83140,""
SOLLIES-PONT - 83210,mairie@ville-sollies-pont.fr
SOLLIES-TOUCAS - 83210,stoucas.mairie@wanadoo.fr
SOLLIES-VILLE - 83210,mairie.solliesville@wanadoo.fr
TANNERON - 83440,""
TARADEAU - 83460,mairie.taradeau@wanadoo.fr
TAVERNES - 83670,mairiedetavernes@wanadoo.fr
TOULON - 83000,contact@mairie-toulon.fr
TOURRETTES - 83440,mairie@mairie-tourrettes-83.fr
TOURTOUR - 83690,accueil@mairietourtour.com
TOURVES - 83170,mairie.tourves@wanadoo.fr
TRANS-EN-PROVENCE - 83720,accueil@transenprovence-mairie.fr
TRIGANCE - 83840,mairie.de.trigance@mcom.fr
VARAGES - 83670,mairie.varages@wanadoo.fr
VERIGNON - 83630,mairie.verignon@nordnet.fr
VIDAUBAN - 83550,vidauban-mairie@wanadoo.fr
VILLECROZE - 83690,accueil@mairie-villecroze.com
VINON-SUR-VERDON - 83560,vinon.sur.verdon@wanadoo.fr
VINS-SUR-CARAMY - 83170,mairie.vins.sur.caramy@wanadoo.fr
